{
    "PermX": {
        "min": -1.0798003761240147,
        "max": 3.241880987591035
    },
    "PermY": {
        "min": -1.0798003761240147,
        "max": 3.241880987591035
    },
    "PermZ": {
        "min": -3.037205756215549,
        "max": 2.88135163543806
    },
    "Porosity": {
        "min": 0.035458788,
        "max": 0.14998731
    },
    "Temperature0": {
        "min": 31.059776,
        "max": 107.8199
    },
    "Pressure0": {
        "min": 165.12576,
        "max": 642.24854
    }
}